CVE,InitialVersion,FinalVersion,"['reportedDate', 'fixDate', 'component', 'versions']"
CVE-2015-7327,40.0.3,40.0.3,"[[datetime.datetime(2015, 4, 12, 13, 45), datetime.datetime(2015, 4, 12, 14, 20), u'DOM', [u'(firefox40 wontfix', u' firefox41 fixed', u' firefox42 fixed']], [datetime.datetime(2015, 5, 21, 19, 58), datetime.datetime(2015, 7, 7, 8, 25), u'DOM', [u'(firefox40 wontfix', u' firefox41+ fixed', u' firefox42 fixed']]]"
CVE-2015-7223,42.0,42.0,"[[datetime.datetime(2015, 11, 19, 16, 1), datetime.datetime(2015, 11, 25, 15, 53), u'WebExtensions: Untriaged', [u'(firefox42 wontfix', u' firefox43+ fixed', u' firefox44+ fixed', u' firefox45+ fixed']]]"
CVE-2015-7222,42.0,42.0,"[[datetime.datetime(2015, 10, 20, 14, 0), datetime.datetime(2015, 12, 1, 19, 54), u'Audio/Video: Playback', [u'(firefox42 wontfix', u' firefox43+ fixed', u' firefox44+ fixed', u' firefox45+ fixed']]]"
CVE-2015-7221,42.0,42.0,"[[datetime.datetime(2015, 8, 27, 11, 58), datetime.datetime(2015, 9, 4, 12, 27), u'XPCOM', [u'(firefox43 fixed']]]"
CVE-2015-7220,42.0,42.0,"[[datetime.datetime(2015, 6, 27, 12, 52), datetime.datetime(2015, 7, 15, 6, 59), u'JavaScript Engine', [u'(firefox41 wontfix', u' firefox42 wontfix', u' firefox43 fixed']]]"
CVE-2015-7219,42.0,42.0,"[[datetime.datetime(2015, 8, 14, 11, 40), datetime.datetime(2015, 8, 18, 12, 36), u'Networking: HTTP', [u'(firefox42 wontfix', u' firefox43 fixed']]]"
CVE-2015-7218,42.0,42.0,"[[datetime.datetime(2015, 8, 14, 11, 37), datetime.datetime(2015, 8, 31, 5, 57), u'Networking: HTTP', [u'(firefox42 wontfix', u' firefox43 fixed']]]"
CVE-2015-7217,42.0,42.0,"[[datetime.datetime(2015, 9, 9, 4, 52), datetime.datetime(2015, 9, 10, 21, 40), u'Widget: Gtk', [u'(firefox40 wontfix', u' firefox41 affected', u' firefox42 affected', u' firefox43 verified']]]"
CVE-2015-7216,42.0,42.0,"[[datetime.datetime(2015, 8, 20, 20, 47), datetime.datetime(2015, 8, 28, 14, 12), u'General', [u'(firefox43 verified']]]"
CVE-2015-7215,42.0,42.0,"[[datetime.datetime(2015, 5, 3, 11, 15), datetime.datetime(2015, 10, 21, 11, 12), u'DOM: Workers', [u'(firefox40- wontfix', u' firefox41- wontfix', u' firefox42+ wontfix', u' firefox43+ fixed', u' firefox46 verified', u' firefox47 verified']]]"
CVE-2015-7214,42.0,42.0,"[[datetime.datetime(2015, 11, 30, 1, 20), datetime.datetime(2015, 12, 14, 11, 27), u'DOM', [u'(firefox42 wontfix', u' firefox43+ verified', u' firefox44+ verified', u' firefox45+ verified']]]"
CVE-2015-7213,42.0,42.0,"[[datetime.datetime(2015, 9, 18, 12, 58), datetime.datetime(2015, 12, 1, 19, 46), u'Audio/Video: Playback', [u'(firefox43+ verified', u' firefox44+ verified']]]"
CVE-2015-7212,42.0,42.0,"[[datetime.datetime(2015, 11, 8, 7, 38), datetime.datetime(2015, 12, 3, 3, 9), u'Graphics: Layers', [u'(firefox43 verified', u' firefox44 verified', u' firefox45 verified']]]"
CVE-2015-7211,42.0,42.0,"[[datetime.datetime(2015, 11, 3, 23, 5), datetime.datetime(2015, 11, 4, 11, 22), u'Networking', [u'(firefox43+ fixed', u' firefox44+ fixed', u' firefox45+ fixed']]]"
CVE-2015-7210,42.0,42.0,"[[datetime.datetime(2015, 10, 26, 2, 32), datetime.datetime(2015, 10, 29, 6, 20), u'WebRTC', [u'(firefox41 wontfix', u' firefox42 wontfix', u' firefox43+ verified', u' firefox44+ fixed', u' firefox45+ fixed']]]"
CVE-2015-7208,42.0,42.0,"[[datetime.datetime(2015, 8, 5, 10, 37), datetime.datetime(2015, 12, 16, 10, 39), u'Networking: Cookies', [u'(firefox41 wontfix', u' firefox42+ wontfix', u' firefox43+ fixed', u' firefox44 fixed']]]"
CVE-2015-7207,42.0,42.0,"[[datetime.datetime(2015, 7, 18, 9, 28), datetime.datetime(2016, 3, 2, 12, 39), u'DOM', [u'(firefox43+ verified', u' firefox44+ fixed']]]"
CVE-2015-7205,42.0,42.0,"[[datetime.datetime(2015, 11, 1, 14, 55), datetime.datetime(2015, 11, 5, 7, 18), u'WebRTC: Networking', [u'(firefox41 wontfix', u' firefox42 wontfix', u' firefox43+ fixed', u' firefox44+ fixed', u' firefox45+ fixed']]]"
CVE-2015-7204,41.0,42.0,"[[datetime.datetime(2015, 10, 19, 6, 18), datetime.datetime(2015, 10, 28, 5, 9), u'JavaScript Engine', [u'(firefox41 wontfix', u' firefox42 wontfix', u' firefox43+ verified', u' firefox44+ fixed', u' firefox45+ fixed']]]"
CVE-2015-7203,42.0,42.0,"[[datetime.datetime(2015, 9, 2, 11, 17), datetime.datetime(2015, 9, 9, 19, 9), u'Graphics', [u'(firefox41 unaffected', u' firefox42 wontfix', u' firefox43 fixed']]]"
CVE-2015-7202,42.0,42.0,"[[datetime.datetime(2015, 11, 4, 23, 44), datetime.datetime(2015, 11, 4, 23, 44), u'Layout: Text', [u'(firefox42 wontfix', u' firefox43+ fixed', u' firefox44+ fixed', u' firefox45+ fixed']], [datetime.datetime(2015, 10, 28, 10, 16), datetime.datetime(2015, 11, 16, 12, 55), u'Graphics', [u'(firefox41 unaffected', u' firefox42+ wontfix', u' firefox43+ fixed', u' firefox44 fixed', u' firefox45 fixed']], [datetime.datetime(2015, 8, 12, 15, 33), datetime.datetime(2015, 8, 12, 15, 33), u'Graphics: Text', [u'(firefox43 fixed', u' firefox44 fixed)']], [datetime.datetime(2015, 10, 7, 5, 38), datetime.datetime(2015, 10, 7, 5, 49), u'JavaScript Engine', [u'(firefox41 wontfix', u' firefox42 wontfix', u' firefox43 fixed', u' firefox44 fixed']], [datetime.datetime(2015, 9, 24, 7, 32), datetime.datetime(2015, 10, 19, 12, 42), u'Plug-ins', [u'(firefox41 wontfix', u' firefox42+ wontfix', u' firefox43+ fixed', u' firefox44+ fixed', u' firefox45 fixed']], [datetime.datetime(2015, 9, 23, 6, 3), datetime.datetime(2015, 11, 20, 8, 40), u'JavaScript Engine', [u'(firefox41 wontfix', u' firefox42 wontfix', u' firefox43+ verified', u' firefox44+ verified', u' firefox45+ verified']], [datetime.datetime(2015, 9, 1, 4, 57), datetime.datetime(2015, 9, 1, 6, 45), u'Layout', [u'(firefox41 unaffected', u' firefox42 affected', u' firefox43+ fixed']], [datetime.datetime(2015, 7, 27, 14, 11), datetime.datetime(2015, 8, 11, 12, 25), u'Graphics', [u'(firefox41 wontfix', u' firefox42 wontfix', u' firefox43 fixed']], [datetime.datetime(2015, 8, 12, 7, 0), datetime.datetime(2015, 8, 12, 7, 0), u'Graphics: Text', [u'(firefox42 wontfix', u' firefox43 fixed', u' firefox44 fixed)']], [datetime.datetime(2015, 11, 3, 21, 10), datetime.datetime(2015, 11, 12, 3, 22), u'JavaScript Engine: JIT', [u'(firefox42 wontfix', u' firefox43+ fixed', u' firefox44+ fixed', u' firefox45+ fixed']], [datetime.datetime(2015, 8, 12, 15, 42), datetime.datetime(2015, 8, 12, 15, 42), u'Graphics: Text', [u'(firefox42 wontfix', u' firefox43 fixed', u' firefox44 fixed)']], [datetime.datetime(2015, 8, 20, 17, 1), datetime.datetime(2015, 8, 25, 9, 12), u'DOM', [u'(firefox42 wontfix', u' firefox43 fixed)']], [datetime.datetime(2015, 8, 12, 15, 51), datetime.datetime(2015, 8, 12, 15, 51), u'Graphics: Text', [u'(firefox42 wontfix', u' firefox43 fixed', u' firefox44 fixed)']]]"
CVE-2015-7201,42.0,42.0,"[[datetime.datetime(2015, 11, 16, 11, 57), datetime.datetime(2015, 12, 3, 11, 37), u'Graphics', [u'(firefox42 wontfix', u' firefox43+ fixed', u' firefox44+ fixed', u' firefox45+ fixed']], [datetime.datetime(2015, 9, 9, 7, 25), datetime.datetime(2015, 11, 23, 7, 16), u'Graphics', [u'(firefox41 wontfix', u' firefox42 wontfix', u' firefox43+ verified', u' firefox44+ verified', u' firefox45+ verified']], [datetime.datetime(2015, 11, 11, 20, 50), datetime.datetime(2015, 11, 25, 6, 32), u'ImageLib', [u'(firefox42 wontfix', u' firefox43+ fixed', u' firefox44+ fixed', u' firefox45+ fixed']]]"
CVE-2015-7200,41.0.2,41.0.2,"[[datetime.datetime(2015, 9, 11, 16, 50), datetime.datetime(2015, 10, 5, 3, 15), u'DOM: Security', [u'(firefox41 wontfix', u' firefox42 fixed', u' firefox43 fixed', u' firefox44 fixed']]]"
CVE-2015-7199,41.0.2,41.0.2,"[[datetime.datetime(2015, 9, 11, 11, 7), datetime.datetime(2015, 10, 19, 13, 9), u'SVG', [u'(firefox40 wontfix', u' firefox41 wontfix', u' firefox42+ fixed', u' firefox43+ fixed', u' firefox44+ fixed']]]"
CVE-2015-7198,41.0.2,41.0.2,"[[datetime.datetime(2015, 7, 27, 10, 30), datetime.datetime(2015, 9, 11, 13, 30), u'Canvas: WebGL', [u'(firefox40 wontfix', u' firefox41+ wontfix', u' firefox42+ fixed', u' firefox43+ fixed', u' firefox44 fixed']]]"
CVE-2015-7197,41.0.2,41.0.2,"[[datetime.datetime(2015, 9, 12, 13, 51), datetime.datetime(2015, 9, 12, 16, 10), u'Networking: WebSockets', [u'(firefox41- wontfix', u' firefox42+ fixed', u' firefox43+ fixed', u' firefox44+ fixed']]]"
CVE-2015-7196,41.0.2,41.0.2,"[[datetime.datetime(2015, 3, 6, 15, 13), datetime.datetime(2015, 8, 12, 3, 54), u'Plug-ins', [u'(firefox38 wontfix', u' firefox38.0.5 wontfix', u' firefox39 wontfix', u' firefox40 wontfix', u' firefox41 wontfix', u' firefox42 fixed', u' firefox43 verified']]]"
CVE-2015-7195,41.0.2,41.0.2,"[[datetime.datetime(2015, 10, 6, 6, 9), datetime.datetime(2015, 10, 19, 8, 5), u'Networking: HTTP', [u'(firefox41 wontfix', u' firefox42 fixed', u' firefox43 fixed', u' firefox44 fixed']]]"
CVE-2015-7194,41.0.2,41.0.2,"[[datetime.datetime(2015, 10, 4, 7, 25), datetime.datetime(2015, 10, 15, 10, 24), u'Networking: JAR', [u'(firefox41 wontfix', u' firefox42+ fixed', u' firefox43+ fixed', u' firefox44+ verified']]]"
CVE-2015-7193,41.0.2,41.0.2,"[[datetime.datetime(2015, 9, 30, 23, 31), datetime.datetime(2015, 10, 14, 15, 57), u'DOM: Security', [u'(firefox41 wontfix', u' firefox42+ verified', u' firefox43+ verified', u' firefox44+ verified']]]"
CVE-2015-7192,41.0.2,41.0.2,"[[datetime.datetime(2015, 9, 30, 9, 41), datetime.datetime(2015, 10, 5, 14, 22), u'Disability Access APIs', [u'(firefox41- wontfix', u' firefox42 fixed', u' firefox43 fixed', u' firefox44 fixed)']]]"
CVE-2015-7191,41.0.2,41.0.2,"[[datetime.datetime(2015, 9, 27, 23, 55), datetime.datetime(2015, 10, 19, 6, 3), u'General', [u'(firefox41 wontfix', u' firefox42+ verified', u' firefox43+ fixed', u' firefox44+ fixed']]]"
CVE-2015-7190,41.0.2,41.0.2,"[[datetime.datetime(2015, 9, 25, 8, 59), datetime.datetime(2015, 10, 6, 18, 30), u'Search Activity', [u'(firefox41 wontfix', u' firefox42 fixed', u' firefox43 fixed', u' firefox44 fixed)']]]"
CVE-2015-7189,41.0.2,41.0.2,"[[datetime.datetime(2015, 9, 17, 16, 51), datetime.datetime(2015, 10, 5, 11, 20), u'Canvas: 2D', [u'(firefox41 wontfix', u' firefox42+ verified', u' firefox43+ verified', u' firefox44+ verified']]]"
CVE-2015-7188,41.0.2,41.0.2,"[[datetime.datetime(2015, 8, 27, 13, 15), datetime.datetime(2015, 10, 12, 7, 46), u'Networking', [u'(firefox41 wontfix', u' firefox42+ verified', u' firefox43+ verified', u' firefox44 verified']]]"
CVE-2015-7187,41.0.2,41.0.2,"[[datetime.datetime(2015, 8, 18, 6, 18), datetime.datetime(2015, 10, 1, 9, 5), u'General', [u'(firefox41 wontfix', u' firefox42 fixed', u' firefox43 fixed', u' firefox44 fixed)']]]"
CVE-2015-7186,41.0.2,41.0.2,"[[datetime.datetime(2015, 8, 10, 14, 15), datetime.datetime(2015, 9, 30, 5, 44), u'General', [u'(firefox41- wontfix', u' firefox42+ fixed', u' firefox43+ fixed']]]"
CVE-2015-7185,41.0.2,41.0.2,"[[datetime.datetime(2015, 3, 29, 19, 20), datetime.datetime(2015, 8, 28, 14, 18), u'General', [u'(firefox41 wontfix', u' firefox42 verified', u' firefox43 fixed']]]"
CVE-2015-7184,41.0.1,41.0.1,"[[datetime.datetime(2015, 9, 24, 20, 58), datetime.datetime(2015, 9, 25, 12, 20), u'DOM', [u'(firefox41 affected', u' firefox42 affected', u' firefox43 unaffected', u' firefox44 unaffected']], [datetime.datetime(2015, 10, 7, 17, 13), datetime.datetime(2015, 10, 14, 7, 8), u'DOM', [u'(firefox41+ fixed', u' firefox42+ fixed', u' firefox43 unaffected', u' firefox44 unaffected']]]"
CVE-2015-7183,41.0.2,41.0.2,"[[datetime.datetime(2015, 9, 15, 19, 56), datetime.datetime(2015, 10, 16, 9, 8), u'NSPR', [u'(firefox41 wontfix', u' firefox42+ fixed', u' firefox43+ fixed', u' firefox44+ fixed']]]"
CVE-2015-7182,41.0.2,41.0.2,"[[datetime.datetime(2015, 9, 8, 15, 12), datetime.datetime(2015, 10, 15, 12, 54), u'Libraries', [u'(firefox40 wontfix', u' firefox41+ wontfix', u' firefox42+ fixed', u' firefox43+ fixed', u' firefox44+ fixed']]]"
CVE-2015-7181,41.0.2,41.0.2,"[[datetime.datetime(2015, 8, 6, 14, 43), datetime.datetime(2015, 10, 15, 12, 53), u'Libraries', [u'(firefox41 wontfix', u' firefox42+ fixed', u' firefox43+ fixed', u' firefox44+ fixed']]]"
CVE-2015-7180,40.0.3,40.0.3,"[[datetime.datetime(2015, 8, 5, 11, 56), datetime.datetime(2015, 8, 18, 10, 3), u'Graphics', [u'(firefox40 wontfix', u' firefox41+ fixed', u' firefox42+ fixed', u' firefox43+ fixed']]]"
CVE-2015-7179,40.0.3,40.0.3,"[[datetime.datetime(2015, 8, 3, 12, 49), datetime.datetime(2015, 8, 17, 8, 34), u'Graphics', [u'(firefox40+ wontfix', u' firefox41+ verified', u' firefox42+ fixed', u' firefox43+ fixed']]]"
CVE-2015-7178,40.0.3,40.0.3,"[[datetime.datetime(2015, 7, 31, 11, 14), datetime.datetime(2015, 8, 5, 11, 31), u'Graphics', [u'(firefox40 wontfix', u' firefox41+ verified', u' firefox42+ verified', u' firefox43 verified']]]"
CVE-2015-7177,40.0.3,40.0.3,"[[datetime.datetime(2015, 7, 22, 17, 44), datetime.datetime(2015, 7, 22, 21, 42), u'Graphics: Layers', [u'(firefox40 wontfix', u' firefox41 fixed', u' firefox42 fixed', u' firefox43 fixed']]]"
CVE-2015-7176,40.0.3,40.0.3,"[[datetime.datetime(2015, 6, 13, 16, 27), datetime.datetime(2015, 6, 16, 4, 58), u'Widget: Gonk', [u'(firefox41 fixed']]]"
CVE-2015-7175,40.0.3,40.0.3,"[[datetime.datetime(2015, 6, 5, 16, 35), datetime.datetime(2015, 6, 11, 8, 38), u'DOM', [u'(firefox39 affected', u' firefox40 affected', u' firefox41 fixed']]]"
CVE-2015-7174,40.0.3,40.0.3,"[[datetime.datetime(2015, 6, 5, 10, 58), datetime.datetime(2015, 7, 9, 16, 20), u'DOM', [u'(firefox40 wontfix', u' firefox41 fixed', u' firefox42 fixed']]]"
CVE-2015-4522,40.0.3,40.0.3,"[[datetime.datetime(2015, 6, 2, 15, 9), datetime.datetime(2015, 6, 10, 2, 3), u'Internationalization', [u'(firefox41 fixed)']]]"
CVE-2015-4521,40.0.3,40.0.3,"[[datetime.datetime(2015, 6, 1, 11, 21), datetime.datetime(2015, 6, 16, 3, 12), u'DOM', [u'(firefox41 fixed)']]]"
CVE-2015-4520,40.0.3,40.0.3,"[[datetime.datetime(2015, 9, 1, 15, 56), datetime.datetime(2015, 9, 1, 15, 58), u'DOM', [u'(firefox40 wontfix', u' firefox41+ fixed', u' firefox42+ fixed', u' firefox43+ fixed']], [datetime.datetime(2015, 9, 1, 16, 32), datetime.datetime(2015, 9, 1, 16, 33), u'DOM', [u'(firefox40 wontfix', u' firefox41+ fixed', u' firefox42+ fixed', u' firefox43+ fixed']]]"
CVE-2015-4519,40.0.3,40.0.3,"[[datetime.datetime(2015, 7, 31, 9, 43), datetime.datetime(2015, 8, 20, 9, 15), u'Drag and Drop', [u'(firefox40 wontfix', u' firefox41 verified', u' firefox42 verified', u' firefox43 verified']]]"
CVE-2015-4518,41.0.2,41.0.2,"[[datetime.datetime(2015, 7, 11, 6, 47), datetime.datetime(2015, 9, 9, 6, 22), u'Reader Mode', [u'(firefox41 wontfix', u' firefox42 fixed', u' firefox43+ fixed']], [datetime.datetime(2015, 2, 25, 5, 56), datetime.datetime(2015, 2, 25, 5, 56), u'Reader Mode', [u'(firefox38 affected)']]]"
CVE-2015-4517,40.0.3,40.0.3,"[[datetime.datetime(2015, 5, 27, 11, 39), datetime.datetime(2015, 6, 7, 23, 35), u'Wifi', [u'(firefox39 wontfix', u' firefox40 wontfix', u' firefox41 fixed']]]"
CVE-2015-4516,40.0.3,40.0.3,"[[datetime.datetime(2013, 8, 13, 15, 37), datetime.datetime(2016, 7, 2, 10, 49), u'JavaScript Engine', [u'(firefox36 wontfix', u' firefox37 wontfix', u' firefox38 wontfix', u' firefox38.0.5 wontfix', u' firefox39 wontfix', u' firefox40 wontfix', u' firefox41 verified', u' firefox42 fixed']]]"
CVE-2015-4515,41.0.2,41.0.2,"[[datetime.datetime(2014, 7, 30, 15, 42), datetime.datetime(2015, 7, 29, 0, 48), u'Networking', [u'(firefox42 fixed)']]]"
CVE-2015-4514,41.0.2,41.0.2,"[[datetime.datetime(2014, 2, 7, 3, 11), datetime.datetime(2015, 6, 30, 14, 25), u'JavaScript Engine', [u'(firefox30 wontfix', u' firefox42 fixed']], [datetime.datetime(2015, 9, 17, 19, 54), datetime.datetime(2015, 9, 25, 2, 42), u'JavaScript Engine', [u'(firefox41 wontfix', u' firefox42+ fixed', u' firefox43+ fixed', u' firefox44+ fixed']], [datetime.datetime(2015, 7, 17, 16, 5), datetime.datetime(2015, 7, 22, 13, 37), u'Disability Access APIs', [u'(firefox39 disabled', u' firefox40 disabled', u' firefox42 fixed']], [datetime.datetime(2015, 9, 8, 7, 42), datetime.datetime(2015, 9, 8, 14, 10), u'Audio/Video', [u'(firefox41 wontfix', u' firefox42 fixed', u' firefox43 fixed)']], [datetime.datetime(2015, 8, 31, 11, 0), datetime.datetime(2015, 9, 29, 1, 56), u'Audio/Video: Playback', [u'(firefox42 fixed', u' firefox43 fixed', u' firefox44 fixed']], [datetime.datetime(2015, 7, 21, 13, 17), datetime.datetime(2015, 10, 26, 8, 38), u'Networking: WebSockets', [u'(firefox39 unaffected', u' firefox40+ wontfix', u' firefox41 wontfix', u' firefox42+ fixed', u' firefox43 fixed']], [datetime.datetime(2015, 8, 19, 6, 17), datetime.datetime(2015, 8, 21, 6, 30), u'Networking', [u'(firefox40 wontfix', u' firefox41 wontfix', u' firefox42 fixed', u' firefox43 fixed']]]"
CVE-2015-4513,41.0.2,41.0.2,"[[datetime.datetime(2015, 9, 20, 18, 20), datetime.datetime(2015, 9, 20, 20, 59), u'Widget: Gtk', [u'(firefox40 wontfix', u' firefox41 wontfix', u' firefox42 fixed', u' firefox43 fixed', u' firefox44 fixed']], [datetime.datetime(2015, 9, 29, 4, 39), datetime.datetime(2015, 10, 2, 8, 28), u'JavaScript Engine', [u'(firefox41 wontfix', u' firefox42+ verified', u' firefox43+ verified', u' firefox44+ verified']], [datetime.datetime(2015, 9, 25, 16, 0), datetime.datetime(2015, 10, 15, 8, 18), u'JavaScript Engine', [u'(firefox41 wontfix', u' firefox42+ fixed', u' firefox43+ fixed', u' firefox44+ fixed']], [datetime.datetime(2014, 12, 3, 0, 51), datetime.datetime(2015, 10, 13, 10, 27), u'JavaScript Engine: JIT', [u'(firefox40 wontfix', u' firefox41- wontfix', u' firefox42+ verified', u' firefox43+ fixed']], [datetime.datetime(2015, 8, 6, 11, 49), datetime.datetime(2015, 9, 4, 14, 46), u'Canvas: 2D', [u'(firefox39 wontfix', u' firefox40 wontfix', u' firefox41+ wontfix', u' firefox42+ verified', u' firefox43+ verified']], [datetime.datetime(2015, 8, 10, 14, 36), datetime.datetime(2015, 9, 12, 22, 49), u'Telemetry', [u'(firefox39 wontfix', u' firefox40 wontfix', u' firefox41+ wontfix', u' firefox42+ fixed', u' firefox43+ fixed']], [datetime.datetime(2015, 9, 14, 10, 21), datetime.datetime(2015, 10, 21, 17, 47), u'Audio/Video: Playback', [u'(firefox41 wontfix', u' firefox42+ fixed', u' firefox43+ fixed', u' firefox44 fixed']], [datetime.datetime(2015, 9, 14, 14, 32), datetime.datetime(2015, 9, 21, 6, 15), u'XBL', [u'(firefox41- wontfix', u' firefox42+ fixed', u' firefox43+ fixed', u' firefox44+ fixed']], [datetime.datetime(2015, 9, 17, 8, 31), datetime.datetime(2015, 9, 25, 8, 44), u'JavaScript Engine', [u'(firefox41 wontfix', u' firefox42+ verified', u' firefox43+ verified', u' firefox44+ verified']], [datetime.datetime(2015, 9, 14, 16, 48), datetime.datetime(2015, 10, 8, 11, 0), u'JavaScript Engine: JIT', [u'(firefox40 wontfix', u' firefox41 wontfix', u' firefox42+ fixed', u' firefox43+ fixed', u' firefox44+ fixed']], [datetime.datetime(2015, 10, 12, 12, 58), datetime.datetime(2015, 10, 16, 9, 35), u'Networking: HTTP', [u'(firefox41 wontfix', u' firefox42+ fixed', u' firefox43+ fixed', u' firefox44+ fixed']]]"
CVE-2015-4512,40.0.3,40.0.3,"[[datetime.datetime(2015, 6, 1, 17, 50), datetime.datetime(2015, 9, 1, 4, 59), u'Canvas: 2D', [u'(firefox40 wontfix', u' firefox41+ fixed', u' firefox42+ fixed']]]"
CVE-2015-4511,40.0.3,40.0.3,"[[datetime.datetime(2015, 8, 31, 2, 19), datetime.datetime(2015, 9, 7, 16, 51), u'Audio/Video: Playback', [u'(firefox41+ verified', u' firefox42+ verified', u' firefox43+ verified']]]"
CVE-2015-4510,40.0.3,40.0.3,"[[datetime.datetime(2015, 8, 30, 3, 4), datetime.datetime(2015, 8, 31, 17, 27), u'DOM: IndexedDB', [u'(firefox40 wontfix', u' firefox41+ verified', u' firefox42+ verified', u' firefox43+ verified']]]"
CVE-2015-4509,40.0.3,40.0.3,"[[datetime.datetime(2015, 8, 25, 12, 26), datetime.datetime(2015, 9, 3, 21, 59), u'Audio/Video', [u'(firefox40 wontfix', u' firefox41+ verified', u' firefox42+ verified', u' firefox43+ verified']]]"
CVE-2015-4508,40.0.3,40.0.3,"[[datetime.datetime(2015, 8, 18, 12, 31), datetime.datetime(2015, 8, 27, 5, 28), u'Reader Mode', [u'(firefox41 fixed', u' firefox42 verified', u' firefox43 verified)']]]"
CVE-2015-4507,40.0.3,40.0.3,"[[datetime.datetime(2015, 8, 7, 13, 47), datetime.datetime(2015, 8, 14, 9, 45), u'JavaScript Engine', [u'(firefox40 wontfix', u' firefox41 fixed', u' firefox42 fixed', u' firefox43 fixed']]]"
CVE-2015-4506,40.0.3,40.0.3,"[[datetime.datetime(2015, 8, 7, 6, 18), datetime.datetime(2015, 8, 26, 14, 52), u'Audio/Video', [u'(firefox41+ verified', u' firefox42+ fixed', u' firefox43+ fixed']]]"
CVE-2015-4505,40.0.3,40.0.3,"[[datetime.datetime(2015, 6, 26, 12, 58), datetime.datetime(2015, 8, 25, 21, 34), u'Application Update', [u'(firefox40 wontfix', u' firefox41+ verified', u' firefox42+ verified', u' firefox43 verified']]]"
CVE-2015-4504,40.0.3,40.0.3,"[[datetime.datetime(2015, 2, 12, 7, 41), datetime.datetime(2015, 7, 3, 8, 20), u'GFX: Color Management', [u'(firefox38 wontfix', u' firefox38.0.5 wontfix', u' firefox39 wontfix', u' firefox40 wontfix', u' firefox41+ fixed', u' firefox42 fixed']]]"
CVE-2015-4503,40.0.3,40.0.3,"[[datetime.datetime(2014, 4, 9, 14, 46), datetime.datetime(2015, 6, 2, 14, 38), u'DOM', [u'(firefox41 fixed']]]"
CVE-2015-4502,40.0.3,40.0.3,"[[datetime.datetime(2014, 11, 25, 15, 36), datetime.datetime(2015, 8, 7, 9, 23), u'JavaScript Engine', [u'(firefox40 wontfix', u' firefox41 fixed', u' firefox42 fixed', u' firefox43 fixed']]]"
CVE-2015-4501,40.0.3,40.0.3,"[[datetime.datetime(2015, 7, 22, 14, 59), datetime.datetime(2015, 7, 27, 7, 50), u'WebRTC: Audio/Video', [u'(firefox41 fixed', u' firefox42 fixed']], [datetime.datetime(2015, 5, 17, 8, 26), datetime.datetime(2015, 5, 17, 9, 28), u'Graphics', [u'(firefox39 disabled', u' firefox41+ verified']]]"
CVE-2015-4500,40.0.3,40.0.3,"[[datetime.datetime(2014, 7, 25, 9, 32), datetime.datetime(2015, 7, 14, 20, 36), u'Memory Allocator', [u'(firefox40 wontfix', u' firefox41+ fixed', u' firefox42+ fixed', u' firefox43+ fixed']], [datetime.datetime(2015, 4, 7, 12, 58), datetime.datetime(2015, 8, 24, 11, 5), u'DOM: IndexedDB', [u' firefox40 wontfix', u' firefox41+ fixed', u' firefox42+ fixed', u' firefox43 fixed']], [datetime.datetime(2015, 5, 4, 8, 9), datetime.datetime(2015, 6, 11, 5, 5), u'DOM: IndexedDB', [u'(firefox40 wontfix', u' firefox41 fixed']], [datetime.datetime(2015, 7, 23, 9, 53), datetime.datetime(2015, 9, 3, 16, 4), u'JavaScript Engine', [u'(firefox40 wontfix', u' firefox41+ verified', u' firefox42+ verified', u' firefox43+ verified', u' firefox44 verified']], [datetime.datetime(2015, 9, 3, 22, 50), datetime.datetime(2015, 9, 8, 11, 27), u'JavaScript Engine', [u'(firefox40 wontfix', u' firefox41+ fixed', u' firefox42+ fixed', u' firefox43+ fixed']], [datetime.datetime(2015, 7, 13, 9, 10), datetime.datetime(2015, 7, 27, 8, 57), u'JavaScript Engine', [u'(firefox40 wontfix', u' firefox41+ verified', u' firefox42+ verified', u' firefox43+ verified']], [datetime.datetime(2015, 7, 8, 10, 20), datetime.datetime(2015, 9, 9, 18, 26), u'Audio/Video', [u'(firefox40+ wontfix', u' firefox41+ fixed', u' firefox42+ fixed', u' firefox43+ fixed']], [datetime.datetime(2015, 9, 8, 13, 53), datetime.datetime(2015, 9, 8, 14, 29), u'XBL', [u'(firefox41+ fixed', u' firefox42+ fixed', u' firefox43+ fixed']]]"
CVE-2015-4498,40.0.2,40.0.2,"[[datetime.datetime(2014, 7, 23, 7, 26), datetime.datetime(2015, 8, 25, 19, 45), u'Add-ons Manager', [u'(firefox39 wontfix', u' firefox40+ fixed', u' firefox41+ fixed', u' firefox42+ fixed', u' firefox43 fixed']]]"
CVE-2015-4497,40.0.2,40.0.2,"[[datetime.datetime(2015, 6, 16, 14, 2), datetime.datetime(2015, 6, 17, 11, 6), u'Canvas: 2D', [u'(firefox38 wontfix', u' firefox38.0.5 wontfix', u' firefox39 wontfix', u' firefox40+ verified', u' firefox41+ fixed', u' firefox42+ fixed']], [datetime.datetime(2015, 5, 13, 23, 27), datetime.datetime(2015, 8, 26, 11, 9), u'Canvas: 2D', [u'(firefox38 wontfix', u' firefox38.0.5- wontfix', u' firefox39+ wontfix', u' firefox40+ verified', u' firefox41+ fixed', u' firefox42+ fixed', u' firefox43+ fixed']]]"
CVE-2015-4496,37.0.2,37.0.2,"[[datetime.datetime(2015, 3, 31, 9, 26), datetime.datetime(2015, 4, 28, 18, 5), u'Audio/Video', [u'(firefox37 wontfix', u' firefox38+ fixed', u' firefox38.0.5 fixed', u' firefox39+ fixed', u' firefox40+ fixed']]]"
CVE-2015-4495,39.0,39.0,"[[datetime.datetime(2015, 7, 1, 8, 36), datetime.datetime(2015, 8, 5, 20, 43), u'PDF Viewer', [u'(firefox39 verified', u' firefox40 fixed', u' firefox41 fixed', u' firefox42 verified']], [datetime.datetime(2015, 6, 27, 19, 52), datetime.datetime(2015, 7, 14, 20, 53), u'XPConnect', [u'(firefox39+ fixed', u' firefox40+ fixed', u' firefox41+ fixed', u' firefox42+ fixed']]]"
CVE-2015-4493,39.0.3,39.0.3,"[[datetime.datetime(2015, 7, 22, 17, 30), datetime.datetime(2015, 7, 26, 5, 41), u'Audio/Video: Playback', [u'(firefox39 wontfix', u' firefox40+ fixed', u' firefox41+ fixed', u' firefox42+ fixed']]]"
CVE-2015-4492,39.0.3,39.0.3,"[[datetime.datetime(2015, 7, 20, 22, 5), datetime.datetime(2015, 7, 28, 4, 5), u'DOM: Workers', [u'(firefox39 wontfix', u' firefox40 fixed', u' firefox41 fixed', u' firefox42 fixed']]]"
CVE-2015-4490,39.0.3,39.0.3,"[[datetime.datetime(2014, 10, 21, 15, 2), datetime.datetime(2015, 3, 25, 16, 4), u'DOM: Security', [u'(firefox40+ fixed)']]]"
CVE-2015-4489,39.0.3,39.0.3,"[[datetime.datetime(2015, 7, 10, 17, 13), datetime.datetime(2015, 7, 21, 10, 40), u'XPCOM', [u'(firefox39 wontfix', u' firefox40+ fixed', u' firefox41+ fixed', u' firefox42+ fixed']]]"
CVE-2015-4488,39.0.3,39.0.3,"[[datetime.datetime(2015, 6, 19, 8, 51), datetime.datetime(2015, 6, 19, 13, 16), u'Layout', [u'(firefox39 wontfix', u' firefox40 fixed', u' firefox41 fixed']]]"
CVE-2015-4487,39.0.3,39.0.3,"[[datetime.datetime(2015, 6, 4, 11, 33), datetime.datetime(2015, 7, 3, 18, 29), u'String', [u'(firefox39 wontfix', u' firefox40 fixed', u' firefox41 fixed', u' firefox42 fixed']]]"
CVE-2015-4486,39.0.3,39.0.3,"[[datetime.datetime(2015, 6, 28, 18, 22), datetime.datetime(2015, 6, 28, 18, 22), u'Audio/Video', [u'(firefox39 wontfix', u' firefox40+ verified', u' firefox41+ verified', u' firefox42+ verified']]]"
CVE-2015-4485,39.0.3,39.0.3,"[[datetime.datetime(2015, 6, 26, 17, 11), datetime.datetime(2015, 6, 26, 17, 11), u'Audio/Video', [u'(firefox39 wontfix', u' firefox40 verified', u' firefox41 verified', u' firefox42 verified']]]"
CVE-2015-4484,39.0.3,39.0.3,"[[datetime.datetime(2015, 6, 4, 9, 59), datetime.datetime(2015, 6, 15, 5, 27), u'JavaScript Engine: JIT', [u'(firefox39+ wontfix', u' firefox40 fixed', u' firefox41 fixed']]]"
CVE-2015-4483,39.0.3,39.0.3,"[[datetime.datetime(2015, 3, 28, 2, 59), datetime.datetime(2016, 5, 22, 21, 18), u'DOM: Security', [u'(firefox40 fixed', u' firefox50 fixed)']]]"
CVE-2015-4482,39.0.3,39.0.3,"[[datetime.datetime(2015, 7, 16, 4, 51), datetime.datetime(2015, 7, 16, 13, 55), u'Application Update', [u'(firefox39 wontfix', u' firefox40+ verified', u' firefox41+ verified', u' firefox42+ verified']]]"
CVE-2015-4481,39.0.3,39.0.3,"[[datetime.datetime(2015, 6, 4, 9, 2), datetime.datetime(2015, 7, 14, 12, 28), u'Application Update', [u'(firefox38 wontfix', u' firefox38.0.5 wontfix', u' firefox39+ wontfix', u' firefox40+ fixed', u' firefox41+ fixed', u' firefox42+ fixed']]]"
CVE-2015-4480,39.0.3,39.0.3,"[[datetime.datetime(2015, 3, 17, 6, 31), datetime.datetime(2015, 7, 3, 4, 0), u'Audio/Video', [u'(firefox38 wontfix', u' firefox38.0.5 wontfix', u' firefox39 wontfix', u' firefox40+ verified', u' firefox41+ verified', u' firefox42+ verified']]]"
CVE-2015-4479,39.0.3,39.0.3,"[[datetime.datetime(2015, 6, 1, 15, 14), datetime.datetime(2017, 3, 29, 0, 19), u'Audio/Video', [u'(firefox39 wontfix', u' firefox40 fixed', u' firefox41 fixed', u' firefox42 fixed']], [datetime.datetime(2015, 7, 17, 14, 34), datetime.datetime(2015, 7, 31, 6, 17), u'Audio/Video', [u'(firefox39 wontfix', u' firefox40+ verified', u' firefox41+ verified', u' firefox42+ verified']]]"
CVE-2015-4478,39.0.3,39.0.3,"[[datetime.datetime(2014, 11, 27, 19, 37), datetime.datetime(2014, 11, 28, 7, 26), u'JavaScript Engine', [u'(firefox35 wontfix', u' firefox36 wontfix', u' firefox37 wontfix', u' firefox38 wontfix', u' firefox38.0.5 wontfix', u' firefox39 wontfix', u' firefox40 verified']]]"
CVE-2015-4477,39.0.3,39.0.3,"[[datetime.datetime(2015, 7, 1, 14, 20), datetime.datetime(2016, 2, 29, 8, 48), u'Audio/Video', [u'(firefox39 wontfix', u' firefox40+ verified', u' firefox41+ fixed', u' firefox42+ fixed']]]"
CVE-2015-4476,40.0.3,40.0.3,"[[datetime.datetime(2015, 5, 6, 21, 42), datetime.datetime(2015, 7, 22, 8, 41), u'General', [u'(firefox39 wontfix', u' firefox40- wontfix', u' firefox41+ fixed', u' firefox42+ fixed']]]"
CVE-2015-4475,39.0.3,39.0.3,"[[datetime.datetime(2015, 6, 16, 21, 23), datetime.datetime(2015, 7, 16, 18, 15), u'Audio/Video', [u'(firefox39 wontfix', u' firefox40+ verified', u' firefox41+ fixed', u' firefox42+ verified']]]"
CVE-2015-4474,39.0.3,39.0.3,"[[datetime.datetime(2015, 3, 13, 12, 45), datetime.datetime(2015, 4, 8, 8, 40), u'Layout', [u'(firefox39 wontfix', u' firefox40 fixed']], [datetime.datetime(2015, 5, 5, 13, 5), datetime.datetime(2015, 5, 5, 15, 10), u'WebRTC: Signaling', [u'(firefox38 unaffected', u' firefox38.0.5 unaffected', u' firefox39 wontfix', u' firefox40 fixed']], [datetime.datetime(2015, 6, 25, 13, 19), datetime.datetime(2015, 6, 25, 13, 22), u'Audio/Video', [u'(firefox38 unaffected', u' firefox39 wontfix', u' firefox40+ fixed', u' firefox41+ fixed', u' firefox42+ unaffected']], [datetime.datetime(2015, 7, 7, 10, 3), datetime.datetime(2015, 7, 9, 17, 55), u'Audio/Video: Playback', [u'(firefox39 wontfix', u' firefox40+ fixed', u' firefox41+ fixed', u' firefox42+ fixed']], [datetime.datetime(2015, 7, 28, 13, 25), datetime.datetime(2015, 7, 29, 7, 49), u'WebRTC: Audio/Video', [u'(firefox39 wontfix', u' firefox40+ fixed', u' firefox41+ fixed', u' firefox42+ fixed']], [datetime.datetime(2015, 7, 15, 4, 42), datetime.datetime(2015, 7, 23, 13, 3), u'Plug-ins', [u'(firefox39 wontfix', u' firefox40+ fixed', u' firefox41+ fixed', u' firefox42+ fixed']]]"
CVE-2015-4473,39.0.3,39.0.3,"[[datetime.datetime(2015, 7, 10, 16, 26), datetime.datetime(2015, 7, 14, 7, 1), u'JavaScript Engine', [u'(firefox39 wontfix', u' firefox40+ verified', u' firefox41+ verified', u' firefox42+ verified', u' firefox43 verified']], [datetime.datetime(2015, 3, 22, 19, 16), datetime.datetime(2015, 7, 15, 9, 27), u'JavaScript Engine', [u'(firefox39 wontfix', u' firefox40+ verified', u' firefox41+ verified', u' firefox42+ verified', u' firefox43 verified']], [datetime.datetime(2015, 6, 30, 11, 21), datetime.datetime(2015, 7, 9, 8, 2), u'XPCOM', [u'(firefox38 wontfix', u' firefox38.0.5 wontfix', u' firefox39 wontfix', u' firefox40+ verified', u' firefox41+ fixed', u' firefox42+ fixed']]]"
CVE-2015-4000,,39.0,"[[datetime.datetime(2015, 3, 2, 10, 11), datetime.datetime(2015, 5, 20, 15, 55), u'Libraries', [u'(firefox38 wontfix', u' firefox38.0.5 wontfix', u' firefox39 verified', u' firefox40 verified', u' firefox41 verified', u' relnote-firefox 39+)']]]"
CVE-2015-2808,,,[]
CVE-2015-2743,38.1.0,38.1.0,"[[datetime.datetime(2015, 5, 8, 12, 24), datetime.datetime(2015, 5, 11, 12, 28), u'DOM: Core & HTML', [u'(firefox38 wontfix', u' firefox38.0.5 wontfix', u' firefox39+ fixed', u' firefox40+ fixed', u' firefox41+ fixed']]]"
CVE-2015-2742,38.1.0,38.1.0,"[[datetime.datetime(2015, 3, 2, 13, 32), datetime.datetime(2015, 3, 5, 14, 31), u'Widget: Cocoa', [u'(firefox38 wontfix', u' firefox38.0.5 wontfix', u' firefox39 fixed']]]"
CVE-2015-2741,38.1.0,38.1.0,"[[datetime.datetime(2015, 3, 25, 10, 33), datetime.datetime(2015, 4, 21, 11, 24), u'Security: PSM', [u'(firefox36 wontfix', u' firefox37 wontfix', u' firefox38 wontfix', u' firefox38.0.5 wontfix', u' firefox39 fixed', u' firefox40 fixed']]]"
CVE-2015-2740,38.1.0,38.1.0,"[[datetime.datetime(2015, 6, 2, 15, 48), datetime.datetime(2015, 6, 23, 6, 0), u'DOM', [u'(firefox38 wontfix', u' firefox38.0.5 wontfix', u' firefox39+ fixed', u' firefox40+ fixed', u' firefox41+ fixed']]]"
CVE-2015-2739,38.1.0,38.1.0,"[[datetime.datetime(2015, 5, 25, 13, 36), datetime.datetime(2015, 5, 26, 10, 58), u'DOM', [u'(firefox38 wontfix', u' firefox38.0.5 wontfix', u' firefox39 fixed', u' firefox40 fixed', u' firefox41 fixed']]]"
CVE-2015-2738,38.1.0,38.1.0,"[[datetime.datetime(2015, 5, 21, 13, 7), datetime.datetime(2015, 6, 18, 19, 9), u'Graphics: Layers', [u'(firefox38 wontfix', u' firefox38.0.5 wontfix', u' firefox39+ fixed', u' firefox40+ fixed', u' firefox41+ fixed']]]"
CVE-2015-2737,38.1.0,38.1.0,"[[datetime.datetime(2015, 5, 21, 12, 23), datetime.datetime(2015, 6, 9, 11, 48), u'Canvas: WebGL', [u'(firefox38 wontfix', u' firefox38.0.5 wontfix', u' firefox39+ fixed', u' firefox40+ fixed', u' firefox41+ fixed']]]"
CVE-2015-2736,38.1.0,38.1.0,"[[datetime.datetime(2015, 5, 23, 14, 43), datetime.datetime(2015, 5, 25, 10, 12), u'Networking: JAR', [u'(firefox38 wontfix', u' firefox38.0.5 wontfix', u' firefox39+ fixed', u' firefox40+ fixed', u' firefox41+ fixed']]]"
CVE-2015-2735,38.1.0,38.1.0,"[[datetime.datetime(2015, 5, 20, 13, 18), datetime.datetime(2015, 6, 4, 23, 40), u'Networking: JAR', [u'(firefox38 wontfix', u' firefox38.0.5 wontfix', u' firefox39+ fixed', u' firefox40+ fixed', u' firefox41+ fixed']]]"
CVE-2015-2734,38.1.0,38.1.0,"[[datetime.datetime(2015, 5, 18, 15, 29), datetime.datetime(2015, 5, 26, 12, 20), u'Graphics', [u'(firefox38 wontfix', u' firefox38.0.5 wontfix', u' firefox39 fixed', u' firefox40 fixed', u' firefox41 fixed']]]"
CVE-2015-2733,38.1.0,38.1.0,"[[datetime.datetime(2015, 5, 29, 16, 27), datetime.datetime(2015, 6, 11, 4, 41), u'DOM: Workers', [u'(firefox38 wontfix', u' firefox38.0.5 wontfix', u' firefox39+ fixed', u' firefox40+ fixed', u' firefox41+ fixed']]]"
CVE-2015-2731,38.1.0,38.1.0,"[[datetime.datetime(2015, 3, 31, 23, 6), datetime.datetime(2015, 5, 23, 3, 57), u'DOM: Security', [u'(firefox37 wontfix', u' firefox38 wontfix', u' firefox38.0.5 wontfix', u' firefox39+ verified', u' firefox40+ verified', u' firefox41+ verified']]]"
CVE-2015-2729,38.1.0,38.1.0,"[[datetime.datetime(2015, 1, 15, 12, 45), datetime.datetime(2015, 5, 12, 7, 11), u'Web Audio', [u'(firefox37 wontfix', u' firefox38 wontfix', u' firefox38.0.5 wontfix', u' firefox39 fixed', u' firefox40 fixed', u' firefox41 fixed']]]"
CVE-2015-2728,38.1.0,38.1.0,"[[datetime.datetime(2015, 3, 11, 12, 23), datetime.datetime(2015, 6, 8, 16, 31), u'DOM: IndexedDB', [u'(firefox37 wontfix', u' firefox38 wontfix', u' firefox38.0.5 wontfix', u' firefox39+ verified']]]"
CVE-2015-2727,38.0,38.0,"[[datetime.datetime(2015, 5, 10, 12, 30), datetime.datetime(2015, 5, 11, 16, 10), u'Security', [u'(firefox37 unaffected', u' firefox38+ wontfix', u' firefox38.0.5+ wontfix', u' firefox39+ verified', u' firefox40+ verified', u' firefox41 verified']]]"
CVE-2015-2726,38.1.0,38.1.0,"[[datetime.datetime(2015, 3, 20, 13, 20), datetime.datetime(2015, 5, 27, 15, 48), u'JavaScript Engine', [u'(firefox37 unaffected', u' firefox38 wontfix', u' firefox38.0.5 wontfix', u' firefox39 verified', u' firefox40 verified']], [datetime.datetime(2015, 2, 11, 15, 41), datetime.datetime(2015, 3, 11, 13, 47), u'JavaScript Engine: JIT', [u'(firefox37 unaffected', u' firefox38 wontfix', u' firefox38.0.5 wontfix', u' firefox39 fixed']], [datetime.datetime(2015, 3, 23, 9, 16), datetime.datetime(2015, 3, 30, 18, 49), u'IPC', [u'(firefox36 wontfix', u' firefox37 wontfix', u' firefox38 affected', u' firefox39 fixed']], [datetime.datetime(2014, 8, 26, 22, 29), datetime.datetime(2015, 5, 12, 5, 49), u'Networking', [u'(firefox38 wontfix', u' firefox38.0.5 wontfix', u' firefox39 fixed', u' firefox40 fixed', u' firefox41 fixed']], [datetime.datetime(2015, 4, 18, 9, 57), datetime.datetime(2015, 4, 20, 6, 6), u'js-ctypes', [u'(firefox38 wontfix', u' firefox38.0.5 wontfix', u' firefox39 fixed', u' firefox40 fixed']]]"
CVE-2015-2725,38.1.0,38.1.0,"[[datetime.datetime(2015, 6, 7, 21, 58), datetime.datetime(2015, 6, 15, 3, 28), u'WebRTC: Audio/Video', [u'(firefox38 wontfix', u' firefox38.0.5 wontfix', u' firefox39 fixed', u' firefox40 fixed', u' firefox41 fixed']], [datetime.datetime(2015, 6, 5, 11, 28), datetime.datetime(2015, 6, 10, 7, 4), u'JavaScript Engine', [u'(firefox38 wontfix', u' firefox38.0.5 wontfix', u' firefox39+ verified', u' firefox40+ verified', u' firefox41+ verified']], [datetime.datetime(2015, 5, 11, 16, 22), datetime.datetime(2015, 6, 8, 9, 58), u'WebRTC', [u'(firefox38 wontfix', u' firefox38.0.5 wontfix', u' firefox39+ fixed', u' firefox40+ fixed', u' firefox41+ fixed']], [datetime.datetime(2015, 5, 9, 18, 29), datetime.datetime(2015, 5, 16, 4, 54), u'Web Audio', [u'(firefox38 wontfix', u' firefox38.0.5 wontfix', u' firefox39+ verified', u' firefox40+ fixed', u' firefox41 fixed']], [datetime.datetime(2015, 4, 28, 9, 41), datetime.datetime(2015, 5, 20, 11, 43), u'JavaScript: GC', [u'(firefox37 wontfix', u' firefox38 wontfix', u' firefox38.0.5 wontfix', u' firefox39+ fixed', u' firefox40+ fixed', u' firefox41 fixed']], [datetime.datetime(2015, 4, 6, 15, 11), datetime.datetime(2015, 4, 16, 2, 34), u'Graphics', [u'(firefox38 wontfix', u' firefox38.0.5 wontfix', u' firefox39 fixed', u' firefox40 fixed']], [datetime.datetime(2015, 4, 29, 17, 3), datetime.datetime(2015, 5, 23, 19, 22), u'JavaScript Engine', [u' firefox38+ wontfix', u' firefox38.0.5+ verified', u' firefox39+ verified', u' firefox40+ verified', u' firefox41 verified']], [datetime.datetime(2015, 4, 21, 10, 21), datetime.datetime(2015, 5, 25, 10, 59), u'Plug-ins', [u'(firefox38 wontfix', u' firefox38.0.5 wontfix', u' firefox39+ fixed', u' firefox40+ fixed', u' firefox41+ fixed']], [datetime.datetime(2014, 8, 20, 16, 41), datetime.datetime(2015, 3, 31, 19, 10), u'JavaScript: GC', [u'(firefox33 wontfix', u' firefox34 wontfix', u' firefox35 wontfix', u' firefox36 wontfix', u' firefox37 wontfix', u' firefox38 wontfix', u' firefox38.0.5 wontfix', u' firefox39 fixed', u' firefox40 fixed']]]"
CVE-2015-2724,38.1.0,38.1.0,"[[datetime.datetime(2015, 5, 3, 9, 56), datetime.datetime(2015, 5, 18, 6, 47), u'JavaScript Engine: JIT', [u'(firefox38 wontfix', u' firefox38.0.5 wontfix', u' firefox39+ fixed', u' firefox40+ fixed', u' firefox41+ fixed']], [datetime.datetime(2015, 5, 13, 11, 7), datetime.datetime(2015, 5, 20, 6, 19), u'Security: CAPS', [u'(firefox38 wontfix', u' firefox38.0.5 wontfix', u' firefox39+ fixed', u' firefox40+ fixed', u' firefox41+ fixed']], [datetime.datetime(2015, 3, 16, 7, 37), datetime.datetime(2015, 4, 30, 2, 2), u'JavaScript Engine', [u' firefox37 wontfix', u' firefox38- wontfix', u' firefox38.0.5 wontfix', u' firefox39+ verified', u' firefox40+ verified', u' firefox41 verified']], [datetime.datetime(2015, 4, 15, 13, 5), datetime.datetime(2015, 4, 16, 14, 21), u'Plug-ins', [u'(firefox37 wontfix', u' firefox38 wontfix', u' firefox38.0.5 wontfix', u' firefox39+ verified', u' firefox40+ verified', u' firefox41 verified']]]"
CVE-2015-2722,38.1.0,38.1.0,"[[datetime.datetime(2015, 5, 20, 14, 7), datetime.datetime(2015, 5, 22, 9, 25), u'DOM: Workers', [u'(firefox38 wontfix', u' firefox38.0.5 wontfix', u' firefox39+ fixed', u' firefox40+ fixed', u' firefox41+ fixed']]]"
CVE-2015-2720,37.0.2,37.0.2,"[[datetime.datetime(2015, 1, 29, 11, 43), datetime.datetime(2015, 4, 28, 12, 19), u'Application Update', [u'(firefox37 wontfix', u' firefox38 verified', u' firefox38.0.5 verified', u' firefox39 verified', u' firefox40+ verified']]]"
CVE-2015-2718,37.0.2,37.0.2,"[[datetime.datetime(2015, 3, 23, 18, 47), datetime.datetime(2016, 2, 21, 18, 5), u'General', [u'(firefox36 wontfix', u' firefox37+ wontfix', u' firefox38+ fixed', u' firefox38.0.5 fixed', u' firefox39+ fixed', u' firefox40+ fixed']]]"
CVE-2015-2717,37.0.2,37.0.2,"[[datetime.datetime(2015, 4, 15, 4, 50), datetime.datetime(2015, 4, 15, 17, 26), u'Audio/Video', [u'(firefox37 wontfix', u' firefox38+ fixed', u' firefox38.0.5 fixed', u' firefox39+ fixed', u' firefox40- fixed']]]"
CVE-2015-2716,37.0.2,37.0.2,"[[datetime.datetime(2015, 3, 6, 12, 16), datetime.datetime(2015, 4, 28, 21, 48), u'XML', [u'(firefox36 wontfix', u' firefox37 wontfix', u' firefox38+ verified', u' firefox38.0.5 fixed', u' firefox39+ verified', u' firefox40+ verified']]]"
CVE-2015-2715,37.0.2,37.0.2,"[[datetime.datetime(2014, 3, 26, 19, 50), datetime.datetime(2015, 3, 23, 13, 52), u'Audio/Video', [u'(firefox37 wontfix', u' firefox38 fixed', u' firefox39 fixed']]]"
CVE-2015-2714,37.0.2,37.0.2,"[[datetime.datetime(2015, 3, 30, 3, 19), datetime.datetime(2015, 4, 6, 8, 1), u'General', [u'(firefox38 fixed', u' firefox39 fixed', u' firefox40 fixed']]]"
CVE-2015-2713,37.0.2,37.0.2,"[[datetime.datetime(2015, 4, 10, 16, 33), datetime.datetime(2015, 4, 14, 6, 54), u'Layout: Text', [u'(firefox37 wontfix', u' firefox38+ fixed', u' firefox39+ fixed', u' firefox40+ fixed']]]"
CVE-2015-2712,37.0.2,37.0.2,"[[datetime.datetime(2015, 4, 8, 4, 50), datetime.datetime(2015, 4, 8, 8, 42), u'JavaScript Engine', [u'(firefox37 wontfix', u' firefox38 fixed', u' firefox39 fixed', u' firefox40 fixed']]]"
CVE-2015-2711,37.0.2,37.0.2,"[[datetime.datetime(2014, 12, 18, 16, 50), datetime.datetime(2015, 3, 24, 2, 5), u'General', [u'(firefox36+ wontfix', u' firefox37+ wontfix', u' firefox38+ fixed', u' firefox39 fixed)']]]"
CVE-2015-2710,37.0.2,37.0.2,"[[datetime.datetime(2015, 3, 31, 7, 28), datetime.datetime(2015, 4, 2, 19, 17), u'SVG', [u'(firefox37 wontfix', u' firefox38+ fixed', u' firefox39+ fixed', u' firefox40+ verified']]]"
CVE-2015-2709,37.0.2,37.0.2,"[[datetime.datetime(2014, 12, 13, 11, 8), datetime.datetime(2014, 12, 13, 11, 10), u'JavaScript Engine: JIT', [u'(firefox37 wontfix', u' firefox38 fixed', u' firefox39 fixed', u' firefox40 verified']], [datetime.datetime(2015, 4, 12, 18, 3), datetime.datetime(2015, 4, 15, 14, 58), u'XPConnect', [u'(firefox37 wontfix', u' firefox38+ fixed', u' firefox39+ fixed', u' firefox40+ fixed']], [datetime.datetime(2015, 4, 16, 18, 21), datetime.datetime(2015, 4, 22, 13, 26), u'JavaScript Engine', [u'(firefox37 wontfix', u' firefox38+ verified', u' firefox38.0.5 fixed', u' firefox39+ verified', u' firefox40 verified', u' firefox41 verified']], [datetime.datetime(2015, 3, 13, 15, 20), datetime.datetime(2015, 3, 23, 13, 38), u'JavaScript Engine', [u'(firefox37 wontfix', u' firefox38 verified', u' firefox39 verified']], [datetime.datetime(2015, 2, 20, 7, 25), datetime.datetime(2015, 3, 9, 14, 47), u'Graphics: Layers', [u'(firefox37 wontfix', u' firefox38 fixed', u' firefox39 fixed']], [datetime.datetime(2015, 3, 31, 7, 7), datetime.datetime(2015, 4, 15, 6, 50), u'JavaScript: GC', [u'(firefox37 wontfix', u' firefox38+ fixed', u' firefox39+ fixed', u' firefox40+ fixed']], [datetime.datetime(2015, 3, 22, 2, 0), datetime.datetime(2015, 4, 14, 14, 33), u'CSS Parsing and Computation', [u'(firefox36 wontfix', u' firefox37 wontfix', u' firefox38 fixed', u' firefox39 fixed', u' firefox40 fixed']], [datetime.datetime(2015, 1, 30, 13, 44), datetime.datetime(2015, 3, 16, 14, 13), u'Plug-ins', [u'(firefox36 wontfix', u' firefox37- affected', u' firefox38- fixed', u' firefox39- fixed', u' firefox40 fixed']], [datetime.datetime(2015, 1, 5, 13, 14), datetime.datetime(2015, 2, 19, 5, 52), u'DOM', [u'(firefox36 wontfix', u' firefox37 wontfix', u' firefox38 fixed']]]"
CVE-2015-2708,37.0.2,37.0.2,"[[datetime.datetime(2015, 4, 7, 23, 28), datetime.datetime(2015, 4, 27, 16, 30), u'JavaScript Engine', [u'(firefox37 wontfix', u' firefox38+ fixed', u' firefox39+ fixed', u' firefox40 fixed']], [datetime.datetime(2015, 1, 12, 14, 5), datetime.datetime(2015, 4, 9, 16, 49), u'JavaScript: GC', [u'(firefox36 wontfix', u' firefox37 wontfix', u' firefox38 fixed', u' firefox39 fixed']], [datetime.datetime(2015, 4, 3, 16, 50), datetime.datetime(2015, 4, 23, 9, 5), u'WebRTC: Signaling', [u'(firefox37 wontfix', u' firefox38+ fixed', u' firefox39+ fixed', u' firefox40+ fixed']], [datetime.datetime(2015, 3, 14, 6, 25), datetime.datetime(2015, 4, 10, 17, 29), u'Layout', [u'(firefox36 wontfix', u' firefox37 wontfix', u' firefox38+ fixed', u' firefox39+ fixed', u' firefox40+ fixed']]]"
CVE-2015-2706,37.0.1,37.0.1,"[[datetime.datetime(2015, 3, 9, 7, 24), datetime.datetime(2015, 4, 9, 10, 45), u'Plug-ins', [u'(firefox36 wontfix', u' firefox37+ fixed', u' firefox38+ verified', u' firefox39+ fixed', u' firefox40 fixed']]]"
CVE-2015-0836,0.1,35.0.1,"[[datetime.datetime(2015, 1, 31, 11, 35), datetime.datetime(2015, 2, 5, 12, 15), u'JavaScript Engine: JIT', [u'(firefox35 wontfix', u' firefox36+ fixed', u' firefox37+ fixed', u' firefox38+ fixed']], [datetime.datetime(2014, 12, 26, 14, 0), datetime.datetime(2014, 12, 31, 4, 31), u'JavaScript Engine', [u'(firefox34 wontfix', u' firefox35 wontfix', u' firefox36+ fixed', u' firefox37+ fixed', u' firefox38+ fixed']], [datetime.datetime(2015, 1, 20, 18, 34), datetime.datetime(2015, 1, 21, 14, 8), u'JavaScript: GC', [u'(firefox36 fixed', u' firefox37 fixed', u' firefox38 fixed']], [datetime.datetime(2015, 1, 8, 16, 13), datetime.datetime(2015, 1, 26, 18, 24), u'JavaScript Engine', [u'(firefox35 wontfix', u' firefox36 fixed', u' firefox37+ fixed']], [datetime.datetime(2015, 1, 20, 13, 4), datetime.datetime(2015, 1, 23, 11, 50), u'Audio/Video', [u'(firefox35 wontfix', u' firefox36+ fixed', u' firefox37+ fixed', u' firefox38+ fixed']], [datetime.datetime(2014, 12, 13, 10, 46), datetime.datetime(2015, 1, 28, 12, 13), u'JavaScript Engine', [u'(firefox35 wontfix', u' firefox36+ verified', u' firefox37+ verified', u' firefox38+ verified']], [datetime.datetime(2015, 1, 3, 13, 46), datetime.datetime(2015, 1, 19, 14, 49), u'ImageLib', [u'(firefox34 wontfix', u' firefox35 wontfix', u' firefox36+ verified', u' firefox37+ verified', u' firefox38+ verified']], [datetime.datetime(2014, 12, 13, 10, 59), datetime.datetime(2015, 1, 24, 12, 43), u'JavaScript Engine', [u'(firefox34 wontfix', u' firefox35 wontfix', u' firefox36+ fixed', u' firefox37+ fixed', u' firefox38+ fixed']], [datetime.datetime(2014, 12, 3, 0, 48), datetime.datetime(2015, 1, 13, 11, 0), u'Graphics: Layers', [u'(firefox35 wontfix', u' firefox36 fixed', u' firefox37 fixed', u' firefox38 fixed']], [datetime.datetime(2014, 11, 9, 19, 23), datetime.datetime(2015, 1, 8, 16, 33), u'JavaScript Engine: JIT', [u'(firefox34 wontfix', u' firefox35 wontfix', u' firefox36+ fixed', u' firefox37+ verified']]]"
CVE-2015-0835,0.1,35.0.1,"[[datetime.datetime(2015, 1, 29, 1, 26), datetime.datetime(2015, 2, 2, 6, 8), u'JavaScript: GC', [u'(firefox35 wontfix', u' firefox36+ fixed', u' firefox37+ fixed', u' firefox38+ fixed']], [datetime.datetime(2015, 1, 28, 22, 59), datetime.datetime(2015, 1, 29, 11, 51), u'DOM', [u'(firefox35 wontfix', u' firefox36+ fixed', u' firefox37+ fixed', u' firefox38+ fixed']], [datetime.datetime(2015, 1, 26, 0, 52), datetime.datetime(2015, 1, 26, 15, 25), u'JavaScript Engine: JIT', [u'(firefox35 wontfix', u' firefox36+ fixed', u' firefox37+ fixed', u' firefox38+ fixed']], [datetime.datetime(2015, 1, 15, 22, 0), datetime.datetime(2015, 1, 23, 11, 42), u'WebRTC: Audio/Video', [u'(firefox35 wontfix', u' firefox36+ fixed', u' firefox37+ fixed', u' firefox38+ fixed']], [datetime.datetime(2015, 1, 7, 15, 45), datetime.datetime(2015, 1, 26, 8, 35), u'Graphics: Layers', [u'(firefox36+ fixed', u' firefox37+ fixed', u' firefox38+ fixed']], [datetime.datetime(2015, 1, 7, 11, 46), datetime.datetime(2015, 1, 8, 18, 44), u'JavaScript Engine', [u'(firefox35 wontfix', u' firefox36 fixed', u' firefox37 fixed', u' firefox38 verified']], [datetime.datetime(2014, 12, 20, 9, 35), datetime.datetime(2015, 1, 9, 12, 49), u'JavaScript Engine: JIT', [u'(firefox34 wontfix', u' firefox35 wontfix', u' firefox36+ fixed', u' firefox37 verified']], [datetime.datetime(2014, 9, 24, 22, 59), datetime.datetime(2015, 1, 26, 14, 20), u'JavaScript Engine', [u'(firefox35 wontfix', u' firefox36+ verified', u' firefox37+ fixed', u' firefox38+ fixed']], [datetime.datetime(2014, 11, 3, 0, 11), datetime.datetime(2014, 11, 12, 7, 8), u'JavaScript Engine: JIT', [u'(firefox34 wontfix', u' firefox35+ wontfix', u' firefox36+ verified']], [datetime.datetime(2014, 12, 22, 5, 6), datetime.datetime(2015, 1, 2, 8, 35), u'JavaScript Engine', [u'(firefox34 unaffected', u' firefox35 wontfix', u' firefox36+ fixed', u' firefox37 verified']]]"
CVE-2015-0834,0.1,35.0.1,"[[datetime.datetime(2014, 11, 13, 6, 8), datetime.datetime(2014, 12, 12, 12, 22), u'WebRTC: Networking', [u'(firefox33 wontfix', u' firefox34 wontfix', u' firefox35 wontfix', u' firefox36 fixed', u' firefox37 fixed']]]"
CVE-2015-0833,0.1,35.0.1,"[[datetime.datetime(2013, 12, 2, 2, 48), datetime.datetime(2015, 2, 16, 16, 23), u'Application Update', [u'(firefox29 wontfix', u' firefox30+ wontfix', u' firefox31+ wontfix', u' firefox32+ wontfix', u' firefox33+ wontfix', u' firefox34+ wontfix', u' firefox35+ wontfix', u' firefox36+ verified', u' firefox37+ verified', u' firefox38+ verified']]]"
CVE-2015-0832,0.1,35.0.1,"[[datetime.datetime(2014, 9, 11, 1, 47), datetime.datetime(2015, 1, 14, 16, 50), u'Security: PSM', [u'(firefox33 wontfix', u' firefox34 wontfix', u' firefox35- wontfix', u' firefox36+ verified', u' firefox37+ verified']]]"
CVE-2015-0831,0.1,35.0.1,"[[datetime.datetime(2015, 2, 6, 11, 32), datetime.datetime(2015, 2, 9, 14, 22), u'DOM: IndexedDB', [u'(firefox35 wontfix', u' firefox36+ verified', u' firefox37+ verified', u' firefox38+ verified']]]"
CVE-2015-0830,0.1,35.0.1,"[[datetime.datetime(2014, 12, 11, 14, 37), datetime.datetime(2015, 1, 6, 9, 10), u'Canvas: WebGL', [u'(firefox34 wontfix', u' firefox35 wontfix', u' firefox36 fixed', u' firefox37 fixed']]]"
CVE-2015-0829,0.1,35.0.1,"[[datetime.datetime(2015, 2, 3, 6, 22), datetime.datetime(2015, 2, 11, 20, 9), u'Audio/Video', [u'(firefox35 wontfix', u' firefox36+ fixed', u' firefox37+ fixed', u' firefox38 fixed']]]"
CVE-2015-0828,0.1,35.0.1,"[[datetime.datetime(2014, 6, 26, 2, 49), datetime.datetime(2014, 11, 11, 8, 13), u'DOM', [u'(firefox33 wontfix', u' firefox34 wontfix', u' firefox35 wontfix', u' firefox36+ fixed']], [datetime.datetime(2014, 3, 26, 18, 54), datetime.datetime(2016, 10, 14, 13, 21), u'DOM: Workers', []]]"
CVE-2015-0827,0.1,35.0.1,"[[datetime.datetime(2015, 1, 2, 22, 48), datetime.datetime(2015, 1, 6, 3, 10), u'Graphics', [u'(firefox34 wontfix', u' firefox35 wontfix', u' firefox36+ verified', u' firefox37+ verified', u' firefox38+ verified']]]"
CVE-2015-0826,0.1,35.0.1,"[[datetime.datetime(2014, 10, 31, 14, 17), datetime.datetime(2014, 12, 31, 19, 18), u'CSS Parsing and Computation', [u'(firefox33 unaffected', u' firefox34 unaffected', u' firefox35+ wontfix', u' firefox36+ fixed', u' firefox37+ fixed', u' firefox38+ fixed']]]"
CVE-2015-0825,0.1,35.0.1,"[[datetime.datetime(2014, 10, 31, 14, 35), datetime.datetime(2015, 1, 6, 17, 12), u'Audio/Video', [u'(firefox34 wontfix', u' firefox35 wontfix', u' firefox36+ fixed', u' firefox37+ fixed', u' firefox38 fixed']]]"
CVE-2015-0824,0.1,35.0.1,"[[datetime.datetime(2014, 11, 8, 10, 49), datetime.datetime(2014, 11, 14, 13, 12), u'Graphics: Layers', [u'(firefox35 wontfix', u' firefox36 fixed']]]"
CVE-2015-0823,0.1,35.0.1,"[[datetime.datetime(2014, 11, 13, 11, 11), datetime.datetime(2014, 11, 17, 2, 38), u'Graphics: Text', [u'(firefox36 fixed']]]"
CVE-2015-0822,0.1,35.0.1,"[[datetime.datetime(2014, 12, 11, 17, 26), datetime.datetime(2015, 1, 15, 9, 9), u'Autocomplete', [u'(firefox35 wontfix', u' firefox36+ fixed', u' firefox37+ fixed', u' firefox38+ fixed']]]"
CVE-2015-0821,0.1,35.0.1,"[[datetime.datetime(2014, 12, 15, 20, 46), datetime.datetime(2015, 2, 9, 8, 58), u'Security', [u'(firefox34 wontfix', u' firefox35+ wontfix', u' firefox36+ fixed', u' firefox37+ fixed', u' firefox38 wontfix', u' firefox38.0.5 wontfix', u' firefox39 verified', u' firefox40 verified', u' firefox41 verified']]]"
CVE-2015-0820,0.1,35.0.1,"[[datetime.datetime(2015, 1, 23, 14, 41), datetime.datetime(2015, 1, 26, 8, 58), u'JavaScript Engine', [u'(firefox35 wontfix', u' firefox36+ fixed', u' firefox37+ fixed', u' firefox38 fixed']]]"
CVE-2015-0819,0.1,35.0.1,"[[datetime.datetime(2014, 10, 7, 15, 28), datetime.datetime(2015, 1, 21, 20, 46), u'Tours', [u'(firefox35 wontfix', u' firefox36+ verified', u' firefox37+ fixed', u' firefox38+ fixed']]]"
CVE-2015-0818,36.0.3,36.0.3,"[[datetime.datetime(2015, 3, 18, 18, 48), datetime.datetime(2015, 3, 20, 19, 22), u'Document Navigation', [u'(firefox36+ verified', u' firefox37+ verified', u' firefox38+ verified', u' firefox39+ verified']]]"
CVE-2015-0817,36.0.1,36.0.1,"[[datetime.datetime(2015, 3, 19, 11, 11), datetime.datetime(2015, 3, 19, 13, 51), u'JavaScript Engine', [u'(firefox36+ verified', u' firefox37+ verified', u' firefox38+ verified', u' firefox39+ verified']]]"
CVE-2015-0816,36.0.4,36.0.4,"[[datetime.datetime(2015, 3, 18, 18, 57), datetime.datetime(2015, 3, 19, 17, 59), u'DOM', [u'(firefox36- wontfix', u' firefox37+ verified', u' firefox38+ verified', u' firefox39+ verified']]]"
CVE-2015-0815,36.0.4,36.0.4,"[[datetime.datetime(2015, 3, 1, 11, 49), datetime.datetime(2015, 3, 7, 7, 38), u'JavaScript: GC', [u'(firefox36 wontfix', u' firefox37+ fixed', u' firefox38+ fixed', u' firefox39+ fixed']], [datetime.datetime(2015, 2, 26, 9, 52), datetime.datetime(2015, 2, 26, 9, 55), u'JavaScript: GC', [u'(firefox36 wontfix', u' firefox37+ fixed', u' firefox38+ fixed', u' firefox39+ fixed']], [datetime.datetime(2014, 7, 9, 10, 25), datetime.datetime(2015, 2, 9, 7, 15), u'XPCOM', [u'(firefox35 wontfix', u' firefox36+ wontfix', u' firefox37+ fixed', u' firefox38+ fixed']]]"
CVE-2015-0814,36.0.4,36.0.4,"[[datetime.datetime(2015, 3, 2, 5, 27), datetime.datetime(2015, 3, 16, 6, 7), u'JavaScript Engine', [u'(firefox36 wontfix', u' firefox37+ fixed', u' firefox38+ verified', u' firefox39+ verified']], [datetime.datetime(2015, 2, 27, 1, 23), datetime.datetime(2015, 3, 10, 7, 18), u'JavaScript Engine: JIT', [u'(firefox36 wontfix', u' firefox37+ fixed', u' firefox38+ fixed', u' firefox39+ fixed']], [datetime.datetime(2015, 2, 17, 11, 55), datetime.datetime(2015, 2, 17, 11, 56), u'JavaScript: GC', [u'(firefox35 wontfix', u' firefox36 wontfix', u' firefox37+ fixed', u' firefox38+ fixed', u' firefox39+ fixed']], [datetime.datetime(2015, 2, 24, 14, 6), datetime.datetime(2015, 2, 24, 16, 35), u'JavaScript Engine: JIT', [u'(firefox36 wontfix', u' firefox37 fixed', u' firefox38 fixed', u' firefox39 fixed']], [datetime.datetime(2015, 2, 5, 14, 12), datetime.datetime(2015, 2, 18, 7, 10), u'WebRTC: Audio/Video', [u'(firefox35 wontfix', u' firefox36 wontfix', u' firefox37+ fixed', u' firefox38+ fixed', u' firefox39+ fixed']], [datetime.datetime(2015, 2, 11, 20, 42), datetime.datetime(2015, 2, 19, 17, 45), u'Audio/Video', [u'(firefox37+ fixed', u' firefox38+ fixed', u' firefox39 fixed']], [datetime.datetime(2015, 1, 28, 12, 58), datetime.datetime(2015, 3, 9, 11, 43), u'JavaScript Engine', [u'(firefox35 wontfix', u' firefox36 wontfix', u' firefox37+ fixed', u' firefox38+ fixed', u' firefox39+ fixed']], [datetime.datetime(2014, 5, 5, 9, 53), datetime.datetime(2015, 3, 23, 12, 1), u'Storage', [u'(firefox36+ wontfix', u' firefox37+ fixed', u' firefox38 fixed', u' firefox39 fixed']], [datetime.datetime(2014, 12, 29, 15, 30), datetime.datetime(2014, 12, 30, 6, 27), u'JavaScript: GC', [u'(firefox34 unaffected', u' firefox35 wontfix', u' firefox36 wontfix', u' firefox37+ fixed']], [datetime.datetime(2014, 12, 14, 1, 50), datetime.datetime(2014, 12, 15, 19, 41), u'JavaScript Engine: JIT', [u'(firefox34 wontfix', u' firefox35 wontfix', u' firefox36 wontfix', u' firefox37 verified']]]"
CVE-2015-0813,36.0.4,36.0.4,"[[datetime.datetime(2014, 12, 1, 10, 22), datetime.datetime(2014, 12, 16, 1, 22), u'Audio/Video', [u'(firefox37+ verified', u' firefox38+ verified', u' firefox39 verified', u' firefox40 verified']]]"
CVE-2015-0812,36.0.4,36.0.4,"[[datetime.datetime(2015, 1, 30, 19, 14), datetime.datetime(2015, 2, 8, 15, 26), u'Add-ons Manager', [u'(firefox36+ wontfix', u' firefox37+ fixed', u' firefox38+ fixed']]]"
CVE-2015-0811,36.0.4,36.0.4,"[[datetime.datetime(2015, 2, 12, 7, 46), datetime.datetime(2015, 2, 24, 14, 2), u'GFX: Color Management', [u'(firefox36 wontfix', u' firefox37 fixed', u' firefox38 fixed', u' firefox39 fixed']]]"
CVE-2015-0810,36.0.4,36.0.4,"[[datetime.datetime(2015, 1, 22, 22, 3), datetime.datetime(2015, 1, 23, 2, 22), u'General', [u'(firefox35 wontfix', u' firefox36- wontfix', u' firefox37+ fixed', u' firefox38+ fixed']]]"
CVE-2015-0808,36.0.4,36.0.4,"[[datetime.datetime(2014, 12, 10, 2, 44), datetime.datetime(2014, 12, 23, 14, 38), u'WebRTC', [u'(firefox35 wontfix', u' firefox36 wontfix', u' firefox37 fixed']]]"
CVE-2015-0807,36.0.4,36.0.4,"[[datetime.datetime(2014, 12, 15, 14, 50), datetime.datetime(2015, 7, 7, 10, 11), u'DOM: Security', [u'(firefox35 wontfix', u' firefox36+ wontfix', u' firefox37+ fixed', u' firefox38+ fixed', u' firefox39 fixed']]]"
CVE-2015-0806,36.0.4,36.0.4,"[[datetime.datetime(2014, 11, 14, 15, 48), datetime.datetime(2014, 12, 9, 10, 25), u'Graphics: Layers', [u'(firefox35 wontfix', u' firefox36 wontfix', u' firefox37 fixed']]]"
CVE-2015-0805,36.0.4,36.0.4,"[[datetime.datetime(2015, 2, 22, 8, 13), datetime.datetime(2015, 2, 22, 8, 13), u'Graphics: Layers', [u'(firefox36 wontfix', u' firefox37 fixed', u' firefox38 fixed', u' firefox39 fixed']]]"
CVE-2015-0804,36.0.4,36.0.4,"[[datetime.datetime(2015, 2, 19, 2, 7), datetime.datetime(2015, 2, 19, 2, 7), u'DOM: Core & HTML', [u'(firefox36 wontfix', u' firefox37+ fixed', u' firefox38+ fixed', u' firefox39+ fixed']]]"
CVE-2015-0803,36.0.4,36.0.4,"[[datetime.datetime(2015, 2, 19, 2, 8), datetime.datetime(2015, 2, 19, 6, 2), u'DOM: Core & HTML', [u'(firefox36 wontfix', u' firefox37+ fixed', u' firefox38+ fixed', u' firefox39+ fixed']]]"
CVE-2015-0802,36.0.4,36.0.4,"[[datetime.datetime(2015, 1, 22, 14, 38), datetime.datetime(2015, 1, 24, 10, 58), u'DOM', [u'(firefox35 wontfix', u' firefox36 wontfix', u' firefox37 fixed', u' firefox38 fixed']]]"
CVE-2015-0801,36.0.4,36.0.4,"[[datetime.datetime(2015, 3, 23, 7, 0), datetime.datetime(2015, 3, 23, 16, 57), u'Document Navigation', [u'(firefox36+ wontfix', u' firefox37+ verified', u' firefox38+ verified', u' firefox39+ verified']]]"
CVE-2015-0800,36.0.4,36.0.4,"[[datetime.datetime(2014, 12, 11, 8, 29), datetime.datetime(2014, 12, 18, 11, 1), u'Networking: DNS', [u'(firefox34- wontfix', u' firefox35- wontfix', u' firefox36- wontfix', u' firefox37- fixed']]]"
CVE-2015-0799,37.0,37.0,"[[datetime.datetime(2015, 3, 27, 2, 4), datetime.datetime(2015, 4, 1, 14, 37), u'Networking: HTTP', [u'(firefox37+ verified', u' firefox38+ fixed', u' firefox39+ fixed', u' firefox40+ fixed', u' relnote-firefox 37+)']]]"
CVE-2015-0798,37.0,37.0,"[[datetime.datetime(2015, 3, 25, 14, 14), datetime.datetime(2015, 3, 26, 18, 16), u'Reader Mode', [u'(firefox36 wontfix', u' firefox37+ fixed', u' firefox38+ fixed', u' firefox39+ fixed', u' firefox40 fixed']]]"
CVE-2015-0797,37.0.2,37.0.2,"[[datetime.datetime(2014, 10, 9, 22, 54), datetime.datetime(2015, 4, 1, 16, 9), u'Audio/Video', [u'(firefox34 wontfix', u' firefox35+ wontfix', u' firefox36+ wontfix', u' firefox37+ wontfix', u' firefox38+ fixed', u' firefox39+ fixed', u' firefox40 verified']]]"
CVE-2014-8643,34.0.5,34.0.5,"[[datetime.datetime(2015, 1, 2, 9, 32), datetime.datetime(2015, 1, 7, 7, 1), u'IPC', [u'(firefox34 wontfix', u' firefox35 fixed', u' firefox36 fixed', u' firefox37 fixed']]]"
CVE-2014-8642,34.0.5,34.0.5,"[[datetime.datetime(2014, 10, 7, 21, 34), datetime.datetime(2014, 12, 19, 13, 19), u'Security: PSM', [u'(firefox32 wontfix', u' firefox33+ wontfix', u' firefox34+ wontfix', u' firefox35+ fixed', u' firefox36 fixed']]]"
CVE-2014-8641,34.0.5,34.0.5,"[[datetime.datetime(2014, 12, 7, 21, 44), datetime.datetime(2014, 12, 12, 13, 56), u'WebRTC', [u'(firefox34 wontfix', u' firefox35+ fixed', u' firefox36+ fixed', u' firefox37+ fixed']]]"
CVE-2014-8640,34.0.5,34.0.5,"[[datetime.datetime(2014, 11, 17, 8, 38), datetime.datetime(2014, 11, 20, 16, 2), u'Web Audio', [u'(firefox33 wontfix', u' firefox34- wontfix', u' firefox35+ verified', u' firefox36+ verified']]]"
CVE-2014-8639,34.0.5,34.0.5,"[[datetime.datetime(2014, 11, 7, 20, 50), datetime.datetime(2014, 11, 17, 18, 4), u'Networking', [u'(firefox33 wontfix', u' firefox34 wontfix', u' firefox35 fixed', u' firefox36 fixed']]]"
CVE-2014-8638,34.0.5,34.0.5,"[[datetime.datetime(2014, 10, 9, 22, 2), datetime.datetime(2014, 12, 17, 11, 26), u'DOM', [u'(firefox34 wontfix', u' firefox35+ fixed', u' firefox36+ fixed', u' firefox37+ fixed']]]"
CVE-2014-8637,34.0.5,34.0.5,"[[datetime.datetime(2014, 11, 5, 17, 43), datetime.datetime(2015, 7, 23, 14, 18), u'ImageLib', [u'(firefox33 wontfix', u' firefox34 wontfix', u' firefox35 wontfix', u' firefox36 wontfix', u' firefox38 wontfix', u' firefox38.0.5 wontfix', u' firefox39 affected', u' firefox40 affected', u' firefox41 affected']]]"
CVE-2014-8636,34.0.5,34.0.5,"[[datetime.datetime(2014, 3, 25, 9, 26), datetime.datetime(2014, 10, 1, 3, 56), u'XPConnect', [u'(firefox34 wontfix', u' firefox35 fixed']]]"
CVE-2014-8635,34.0.5,34.0.5,"[[datetime.datetime(2014, 9, 23, 23, 37), datetime.datetime(2014, 9, 24, 22, 21), u'CSS Parsing and Computation', [u'(firefox35 fixed']], [datetime.datetime(2014, 6, 17, 15, 21), datetime.datetime(2014, 8, 29, 14, 3), u'WebRTC: Networking', [u'(firefox34 wontfix', u' firefox35 fixed']], [datetime.datetime(2014, 9, 22, 6, 10), datetime.datetime(2014, 10, 9, 10, 16), u'JavaScript Engine: JIT', [u'(firefox33 wontfix', u' firefox34+ wontfix', u' firefox35+ verified', u' firefox36 verified']], [datetime.datetime(2014, 11, 13, 14, 1), datetime.datetime(2014, 11, 13, 14, 1), u'WebRTC: Networking', [u'(firefox33 wontfix', u' firefox34 wontfix', u' firefox35+ fixed', u' firefox36+ fixed']], [datetime.datetime(2014, 9, 15, 10, 10), datetime.datetime(2016, 6, 4, 16, 7), u'JavaScript: GC', [u'(firefox33 wontfix', u' firefox34 wontfix', u' firefox35 fixed', u' firefox36 fixed']], [datetime.datetime(2014, 8, 15, 15, 7), datetime.datetime(2014, 8, 29, 15, 20), u'JavaScript Engine: JIT', [u'(firefox32 wontfix', u' firefox33 wontfix', u' firefox34 wontfix', u' firefox35 fixed']], [datetime.datetime(2014, 6, 18, 13, 53), datetime.datetime(2014, 8, 29, 13, 40), u'WebRTC: Networking', [u'(firefox34 wontfix', u' firefox35 fixed']], [datetime.datetime(2014, 9, 25, 3, 13), datetime.datetime(2014, 12, 15, 9, 35), u'Graphics', [u'(firefox34 wontfix', u' firefox35+ fixed', u' firefox36+ fixed', u' firefox37+ fixed']]]"
CVE-2014-8634,34.0.5,34.0.5,"[[datetime.datetime(2014, 12, 10, 14, 18), datetime.datetime(2014, 12, 17, 7, 27), u'JavaScript Engine', [u'(firefox34 wontfix', u' firefox35+ verified', u' firefox36+ verified', u' firefox37+ verified']], [datetime.datetime(2014, 12, 15, 11, 20), datetime.datetime(2014, 12, 19, 18, 16), u'DOM', [u'(firefox34 wontfix', u' firefox35 fixed', u' firefox36 fixed', u' firefox37 fixed']]]"
